rollout/ep_len_mean,custom/win_rate,custom/loss_rate,time/time_elapsed,time/total_timesteps,time/fps,time/iterations,custom/tie_rate,rollout/ep_rew_mean,train/policy_gradient_loss,train/loss,train/n_updates,train/clip_fraction,train/explained_variance,train/entropy_loss,train/learning_rate,train/value_loss,train/approx_kl,train/clip_range,eval/mean_reward,eval/mean_ep_length
1.28,0.324,0.6265,3,16384,4100,1,0.0495,-0.295,,,,,,,,,,,,
1.3,0.3255,0.6185,8,32768,3648,2,0.056,-0.345,-0.007940211551613174,0.7642470598220825,4,0.0037384033203125,0.0022109150886535645,-1.027317851781845,0.0001,1.7612907625734806,0.0046663396,0.2,,
,0.3195,0.6335,,40000,,,0.047,,-0.015905003900115844,0.72538161277771,8,0.151336669921875,0.05298513174057007,-1.0032168254256248,0.0001,1.62340097874403,0.017717836,0.2,-0.157,1.0
1.28,0.326,0.624,14,49152,3467,3,0.05,-0.58,,,,,,,,,,,,
1.21,0.3455,0.5955,19,65536,3418,4,0.059,-0.57,-0.01600426081859041,0.6900568008422852,12,0.16461181640625,0.050289273262023926,-0.9580392241477966,0.0001,1.490330409258604,0.021604028,0.2,,
,0.3855,0.5735,,80000,,,0.041,,-0.014173317951645004,0.6360478401184082,16,0.1085968017578125,0.06527018547058105,-0.880537498742342,0.0001,1.3873899653553963,0.018591633,0.2,-0.129,1.0
1.19,0.3775,0.578,24,81920,3363,5,0.0445,-0.155,,,,,,,,,,,,
1.14,0.357,0.5885,29,98304,3363,6,0.0545,-0.28,-0.011006974717020057,0.6002832055091858,20,0.0744476318359375,0.0729944109916687,-0.7854590117931366,0.0001,1.3000075183808804,0.012885666,0.2,,
1.06,0.3625,0.5875,34,114688,3346,7,0.05,-0.005,-0.008700195699930191,0.5483414530754089,24,0.0490264892578125,0.0847596526145935,-0.7018193397670984,0.0001,1.2128291837871075,0.008327151,0.2,,
,0.352,0.6015,,120000,,,0.0465,,-0.007937081103591481,0.5257914662361145,28,0.0322723388671875,0.1002013087272644,-0.6286253836005926,0.0001,1.164303820580244,0.0043473677,0.2,-0.132,1.0
1.09,0.368,0.5745,39,131072,3317,8,0.0575,-0.16,,,,,,,,,,,,
1.13,0.3765,0.579,43,147456,3351,9,0.0445,-0.16,-0.005759978281275835,0.5089449882507324,32,0.0183868408203125,0.10717171430587769,-0.5788411200046539,0.0001,1.0776878856122494,0.0030416334,0.2,,
,0.3715,0.575,,160000,,,0.0535,,-0.006199378774908837,0.48635032773017883,36,0.0188446044921875,0.11707550287246704,-0.5253271134570241,0.0001,1.036866208538413,0.002455093,0.2,-0.128,1.0
1.06,0.362,0.579,49,163840,3343,10,0.059,-0.295,,,,,,,,,,,,
1.04,0.386,0.57,53,180224,3347,11,0.044,-0.22,-0.003826551910606213,0.4716465473175049,40,0.0079345703125,0.12072515487670898,-0.48989548347890377,0.0001,1.0193910878151655,0.001904492,0.2,,
1.04,0.374,0.565,58,196608,3356,12,0.061,-0.04,-0.0002529357880121097,0.4666365683078766,44,0.00311279296875,0.13419651985168457,-0.4960613530129194,0.0001,0.9811900202184916,0.0011847841,0.2,,
,0.384,0.5635,,200000,,,0.0525,,-0.002984116530569736,0.45416367053985596,48,0.00384521484375,0.13536667823791504,-0.478380904532969,0.0001,0.9616763424128294,0.0015448594,0.2,-0.153,1.0
1.07,0.3815,0.5645,63,212992,3353,13,0.054,-0.195,,,,,,,,,,,,
1.1,0.377,0.572,68,229376,3355,14,0.051,-0.18,-0.00109850472654216,0.4496443271636963,52,0.0009765625,0.12499135732650757,-0.4723257012665272,0.0001,0.9787411689758301,0.00066729274,0.2,,
,0.379,0.568,,240000,,,0.053,,-0.0020369472194943228,0.46385613083839417,56,0.002899169921875,0.1302383542060852,-0.46306001394987106,0.0001,0.9584049340337515,0.000868146,0.2,-0.172,1.0
1.08,0.379,0.572,73,245760,3351,15,0.049,-0.355,,,,,,,,,,,,
1.1,0.363,0.5835,77,262144,3362,16,0.0535,-0.16,-0.00035670289071276784,0.426013320684433,60,0.00140380859375,0.1447821855545044,-0.4693614272400737,0.0001,0.9075061678886414,0.00089899515,0.2,,
1.08,0.379,0.57,82,278528,3380,17,0.051,-0.24,-0.0008060833715717308,0.4241477847099304,64,0.003936767578125,0.14038270711898804,-0.47915553767234087,0.0001,0.9171386919915676,0.0015166957,0.2,,
,,,,280000,,,,,-0.0009189487245748751,0.41892632842063904,68,0.0121612548828125,0.1415799856185913,-0.5130521859973669,0.0001,0.9163501411676407,0.0014547105,0.2,-0.199,1.0
1.12,0.3755,0.57,87,294912,3381,18,0.0545,-0.15,,,,,,,,,,,,
1.1,0.392,0.5565,91,311296,3386,19,0.0515,-0.02,-0.0008016836509341374,0.41619712114334106,72,0.0002899169921875,0.1415652632713318,-0.5234831180423498,0.0001,0.9148313738405704,0.0013121673,0.2,,
,0.4105,0.5345,,320000,,,0.055,,-0.0018611625018820632,0.4294582009315491,76,0.0008544921875,0.1439492106437683,-0.5251050926744938,0.0001,0.9096259512007236,0.0015448886,0.2,-0.128,1.042
1.19,0.396,0.553,95,327680,3418,20,0.051,-0.35,,,,,,,,,,,,
1.17,0.4065,0.54,99,344064,3449,21,0.0535,0.05,-0.0015341739926952869,0.42600810527801514,80,0.0086517333984375,0.1359986662864685,-0.5540515165776014,0.0001,0.9106546249240637,0.0020593968,0.2,,
,0.3825,0.5605,,360000,,,0.057,,-0.0010745244180725422,0.4224488437175751,84,0.0085601806640625,0.13354378938674927,-0.5711910109966993,0.0001,0.9284338653087616,0.0017081267,0.2,-0.211,1.11
1.18,0.3745,0.577,103,360448,3477,22,0.0485,0.005,,,,,,,,,,,,
1.1,0.402,0.537,107,376832,3505,23,0.061,-0.08,-0.001930039252329152,0.4197099804878235,88,0.024627685546875,0.1385411024093628,-0.5863640531897545,0.0001,0.9054041374474764,0.004343758,0.2,,
1.27,0.3915,0.544,111,393216,3532,24,0.0645,-0.24,-0.0023501755895267706,0.4317469000816345,92,0.0090789794921875,0.13143110275268555,-0.5799070503562689,0.0001,0.9267727956175804,0.0038659358,0.2,,
,0.3845,0.549,,400000,,,0.0665,,-0.002152208635379793,0.4069310128688812,96,0.006317138671875,0.1377190351486206,-0.5643735285848379,0.0001,0.8988697715103626,0.0040118946,0.2,-0.046,1.24
1.28,0.414,0.5225,115,409600,3547,25,0.0635,-0.35,,,,,,,,,,,,
1.27,0.4055,0.5355,119,425984,3567,26,0.059,-0.075,-0.0027610495271801483,0.43719998002052307,100,0.0188140869140625,0.12687987089157104,-0.560201583430171,0.0001,0.905171288177371,0.004087853,0.2,,
,0.399,0.5405,,440000,,,0.0605,,-0.002681266556464834,0.4365450143814087,104,0.01202392578125,0.11880481243133545,-0.531196653842926,0.0001,0.9142338316887617,0.0046057194,0.2,-0.102,1.35
1.4,0.3805,0.547,123,442368,3578,27,0.0725,0.05,,,,,,,,,,,,
1.34,0.405,0.5305,127,458752,3595,28,0.0645,-0.17,-0.003199262901034672,0.4360945224761963,108,0.00640869140625,0.12382501363754272,-0.5048180324956775,0.0001,0.8931370545178652,0.0011489227,0.2,,
1.31,0.409,0.5175,131,475136,3617,29,0.0735,-0.045,-0.0021576249055215158,0.40699946880340576,112,0.005859375,0.13617706298828125,-0.4865666078403592,0.0001,0.8716758582741022,0.0023189,0.2,,
,0.411,0.523,,480000,,,0.066,,-0.0015455938373634126,0.4083869159221649,116,0.0055694580078125,0.11321932077407837,-0.47107062954455614,0.0001,0.8759447168558836,0.0023790293,0.2,-0.058,1.354
1.28,0.4185,0.517,135,491520,3632,30,0.0645,0.025,,,,,,,,,,,,
1.41,0.408,0.525,138,507904,3654,31,0.067,-0.26,-0.0017069944478862453,0.4101386070251465,120,0.0042724609375,0.1265537142753601,-0.45714473724365234,0.0001,0.8802418615669012,0.0013156167,0.2,,
,0.3945,0.5365,,520000,,,0.069,,-0.0021795107822981663,0.39405250549316406,124,0.0020599365234375,0.12076824903488159,-0.4335733512416482,0.0001,0.8675233945250511,0.00081348815,0.2,-0.117,1.39
1.31,0.4095,0.52,142,524288,3668,32,0.0705,-0.185,,,,,,,,,,,,
1.41,0.426,0.512,147,540672,3675,33,0.062,-0.095,-0.001397677457134705,0.42446887493133545,128,0.0002593994140625,0.11382138729095459,-0.41807971615344286,0.0001,0.8743335250765085,0.00049424067,0.2,,
1.38,0.401,0.53,151,557056,3681,34,0.069,-0.11,-0.0009262895400752313,0.41357243061065674,132,0.0009918212890625,0.12210303544998169,-0.41148641239851713,0.0001,0.8615435399115086,0.0008810598,0.2,,
,0.393,0.5295,,560000,,,0.0775,,-0.0016243377176579088,0.42096251249313354,136,0.0172119140625,0.11988699436187744,-0.40740396454930305,0.0001,0.8698151987046003,0.0023198961,0.2,0.012,1.428
1.42,0.408,0.5225,155,573440,3681,35,0.0695,-0.03,,,,,,,,,,,,
1.32,0.4135,0.5165,159,589824,3688,36,0.07,0.01,-0.0008277981032733805,0.4242607653141022,140,0.0014190673828125,0.11677390336990356,-0.40017994213849306,0.0001,0.8765474874526262,0.0015524903,0.2,,
,0.3905,0.537,,600000,,,0.0725,,-0.0013012331219215412,0.4141581952571869,144,0.011444091796875,0.11824119091033936,-0.39956938568502665,0.0001,0.8719948809593916,0.0023703761,0.2,-0.071,1.402
1.45,0.426,0.5035,164,606208,3687,37,0.0705,-0.085,,,,,,,,,,,,
1.48,0.4225,0.5155,168,622592,3694,38,0.062,0.18,-0.00147518219819176,0.40872758626937866,148,0.0066375732421875,0.12097662687301636,-0.3847256125882268,0.0001,0.8716689627617598,0.00075067783,0.2,,
1.44,0.4095,0.51,172,638976,3705,39,0.0805,-0.025,-0.0010280610986228567,0.4077913761138916,152,0.001068115234375,0.11625993251800537,-0.3738655121996999,0.0001,0.8670356255024672,0.0011293783,0.2,,
,,,,640000,,,,,-0.0006839741363364737,0.4100683629512787,156,0.0033721923828125,0.11869198083877563,-0.36980443447828293,0.0001,0.8598483093082905,0.00034236856,0.2,-0.077,1.456
1.3,0.437,0.492,176,655360,3711,40,0.071,-0.015,,,,,,,,,,,,
1.45,0.3995,0.5175,180,671744,3722,41,0.083,-0.095,-0.0005803152016596869,0.42615723609924316,160,0.00274658203125,0.11713701486587524,-0.3627752913162112,0.0001,0.8686508852988482,0.0016249095,0.2,,
,0.4325,0.5065,,680000,,,0.061,,-0.0009666468104114756,0.40247946977615356,164,0.005584716796875,0.11700183153152466,-0.35442197043448687,0.0001,0.854570847004652,0.0014238995,0.2,-0.045,1.42
1.46,0.4015,0.5275,184,688128,3728,42,0.071,-0.085,,,,,,,,,,,,
1.45,0.4065,0.522,188,704512,3736,43,0.0715,-0.28,-0.0013266415953694377,0.41394180059432983,168,0.003265380859375,0.11364209651947021,-0.344918149523437,0.0001,0.862301291897893,0.0007870949,0.2,,
,0.4175,0.5,,720000,,,0.0825,,-0.0007429664910887368,0.4015429615974426,172,0.0039825439453125,0.11459940671920776,-0.3378324890509248,0.0001,0.8591968771070242,0.00054269016,0.2,-0.045,1.444
1.5,0.413,0.499,192,720896,3741,44,0.088,-0.05,,,,,,,,,,,,
1.44,0.3995,0.518,196,737280,3751,45,0.0825,-0.1,-0.000659418376017129,0.414282888174057,176,0.0013885498046875,0.11305898427963257,-0.3345541376620531,0.0001,0.8506333809345961,0.0007476624,0.2,,
1.45,0.413,0.5115,200,753664,3761,46,0.0755,-0.075,-0.00038912103991606273,0.4090316891670227,180,0.0001983642578125,0.10537523031234741,-0.3306216634809971,0.0001,0.860727097839117,0.00047786953,0.2,,
,0.414,0.5155,,760000,,,0.0705,,-0.0013015208860451821,0.41060248017311096,184,0.007965087890625,0.11385899782180786,-0.3291203696280718,0.0001,0.8479296024888754,0.0016790756,0.2,-0.061,1.46
1.59,0.419,0.5005,204,770048,3765,47,0.0805,-0.165,,,,,,,,,,,,
1.51,0.4195,0.5075,208,786432,3772,48,0.073,0.145,-0.0011525268128025346,0.4063071608543396,188,0.0053863525390625,0.11679428815841675,-0.31784953363239765,0.0001,0.841231320053339,0.0013558342,0.2,,
,0.427,0.4925,,800000,,,0.0805,,-0.0008234745182562619,0.4185746908187866,192,0.004730224609375,0.11354255676269531,-0.3120109550654888,0.0001,0.8553538769483566,0.0013691918,0.2,-0.004,1.464
1.47,0.4345,0.4855,212,802816,3774,49,0.08,-0.075,,,,,,,,,,,,
1.46,0.4245,0.506,216,819200,3780,50,0.0695,-0.005,-0.0009495680678810459,0.40850117802619934,196,0.0015716552734375,0.10669010877609253,-0.30897695384919643,0.0001,0.8554802741855383,0.00090240076,0.2,,
1.43,0.4,0.5155,220,835584,3786,51,0.0845,-0.065,-0.0006483678662334569,0.4061580300331116,200,0.0037689208984375,0.11227136850357056,-0.30520033184438944,0.0001,0.8558750078082085,0.0009026576,0.2,,
,0.4445,0.4765,,840000,,,0.079,,-0.0005917593953199685,0.4131196141242981,204,0.001220703125,0.11423337459564209,-0.30553764291107655,0.0001,0.8509209621697664,0.00071740913,0.2,-0.096,1.4
1.38,0.416,0.494,224,851968,3790,52,0.09,0.035,,,,,,,,,,,,
1.54,0.4245,0.4975,228,868352,3798,53,0.078,-0.135,-0.0006724508020852227,0.41964858770370483,208,0.00738525390625,0.11147892475128174,-0.3068121103569865,0.0001,0.8479932025074959,0.0010787146,0.2,,
,0.4315,0.49,,880000,,,0.0785,,-0.0006818934598413762,0.4156772196292877,212,0.002227783203125,0.11480140686035156,-0.3095734156668186,0.0001,0.8523051384836435,0.0012830597,0.2,-0.008,1.484
1.45,0.4095,0.507,232,884736,3803,54,0.0835,-0.16,,,,,,,,,,,,
1.48,0.414,0.505,236,901120,3808,55,0.081,-0.24,-0.0006898246210766956,0.40612849593162537,216,0.0024871826171875,0.10497391223907471,-0.3059287937358022,0.0001,0.847521249204874,0.0005174406,0.2,,
1.51,0.4375,0.485,240,917504,3814,56,0.0775,0.02,-0.0004933430682285689,0.40640342235565186,220,0.0013580322265625,0.11047273874282837,-0.30153669137507677,0.0001,0.8500214163213968,0.00074144464,0.2,,
,0.444,0.485,,920000,,,0.071,,-0.0005942835086898413,0.4153721034526825,224,0.00567626953125,0.11311429738998413,-0.296411270275712,0.0001,0.8506585247814655,0.0015283803,0.2,-0.045,1.468
1.53,0.412,0.501,244,933888,3814,57,0.087,-0.02,,,,,,,,,,,,
1.5,0.426,0.495,249,950272,3815,58,0.079,0.04,-0.0004380327918624971,0.40842103958129883,228,0.003204345703125,0.10630464553833008,-0.2929679602384567,0.0001,0.8513578567653894,0.00068701466,0.2,,
,0.416,0.504,,960000,,,0.08,,-0.0004506783625402022,0.41482940316200256,232,0.00726318359375,0.10963350534439087,-0.2874584440141916,0.0001,0.8443859405815601,0.0017208776,0.2,0.005,1.536
1.5,0.429,0.4935,253,966656,3815,59,0.0775,-0.19,,,,,,,,,,,,
1.56,0.432,0.483,257,983040,3819,60,0.085,-0.14,-0.000561113323783502,0.4051750898361206,236,0.005584716796875,0.10895580053329468,-0.2909898879006505,0.0001,0.8509550578892231,0.001075737,0.2,,
1.55,0.4215,0.493,261,999424,3821,61,0.0855,-0.085,-0.0005485661240527406,0.4072380065917969,240,0.002838134765625,0.10357767343521118,-0.2732308255508542,0.0001,0.8467835001647472,0.0011323611,0.2,,
,,,,1000000,,,,,-0.000593829983699834,0.4087536334991455,244,0.0044097900390625,0.11414986848831177,-0.27091120928525925,0.0001,0.8395970463752747,0.0005826149,0.2,0.017,1.478
1.43,0.423,0.49,265,1015808,3820,62,0.087,-0.17,,,,,,,,,,,,
1.35,0.4095,0.51,269,1032192,3824,63,0.0805,0.015,-0.0002270090608362807,0.411615252494812,248,0.00115966796875,0.10760712623596191,-0.27331090811640024,0.0001,0.8406330943107605,0.000118194504,0.2,,
,0.429,0.4925,,1040000,,,0.0785,,-0.0005867265899723861,0.40223419666290283,252,0.0072021484375,0.11721998453140259,-0.2699229707941413,0.0001,0.8355938773602247,0.0016398559,0.2,-0.047,1.492
1.45,0.443,0.487,274,1048576,3822,64,0.07,0.08,,,,,,,,,,,,
1.41,0.4205,0.4955,278,1064960,3821,65,0.084,-0.365,1.7280301108257845e-05,0.4043341875076294,256,0.0041351318359375,0.11438411474227905,-0.26955619268119335,0.0001,0.835591645911336,0.0005036088,0.2,,
,0.4375,0.4785,,1080000,,,0.084,,-0.0004043559565616306,0.421272873878479,260,0.0017547607421875,0.11621862649917603,-0.26626356691122055,0.0001,0.8382941279560328,0.0010456345,0.2,0.056,1.544
1.55,0.4245,0.493,283,1081344,3814,66,0.0825,0.06,,,,,,,,,,,,
1.37,0.432,0.4885,288,1097728,3811,67,0.0795,-0.03,-0.0006840096721134614,0.40878406167030334,264,0.0093841552734375,0.10898357629776001,-0.2628975254483521,0.0001,0.8421770390123129,0.0018357525,0.2,,
1.5,0.4335,0.478,292,1114112,3812,68,0.0885,-0.12,-0.0008135429961839691,0.3983197808265686,268,0.0111236572265625,0.11447447538375854,-0.25399544555693865,0.0001,0.8366953171789646,0.0015931313,0.2,,
,0.419,0.507,,1120000,,,0.074,,-0.0004927899135509506,0.402250736951828,272,0.002044677734375,0.10212439298629761,-0.2512964475899935,0.0001,0.8376771360635757,0.0010990675,0.2,-0.012,1.54
1.57,0.4225,0.4995,296,1130496,3808,69,0.078,-0.045,,,,,,,,,,,,
1.49,0.4045,0.5055,301,1146880,3810,70,0.09,-0.08,-0.00019416416398598813,0.4113035500049591,276,0.0028076171875,0.11819684505462646,-0.25403998978435993,0.0001,0.8291912525892258,0.00045087264,0.2,,
,0.4105,0.515,,1160000,,,0.0745,,-0.0001952945822267793,0.40742191672325134,280,0.00439453125,0.1108090877532959,-0.24692062381654978,0.0001,0.8349440358579159,0.0011483988,0.2,-0.016,1.496
1.49,0.4325,0.491,305,1163264,3810,71,0.0765,-0.065,,,,,,,,,,,,
1.56,0.4225,0.483,309,1179648,3813,72,0.0945,0.15,-7.50255276216194e-05,0.3982279598712921,284,0.0001373291015625,0.1136631965637207,-0.24793967697769403,0.0001,0.8377653323113918,0.000751639,0.2,,
1.44,0.4265,0.497,313,1196032,3817,73,0.0765,-0.1,-0.00022649501261184923,0.4074980318546295,288,0.00225830078125,0.10768038034439087,-0.24633120140060782,0.0001,0.8343243040144444,0.00045370904,0.2,,
,0.4155,0.511,,1200000,,,0.0735,,-0.0002000372769543901,0.40816766023635864,292,0.0045013427734375,0.10628068447113037,-0.24821150489151478,0.0001,0.842506879940629,0.0013002085,0.2,-0.074,1.5
1.55,0.44,0.481,317,1212416,3816,74,0.079,-0.025,,,,,,,,,,,,
1.69,0.41,0.5065,321,1228800,3819,75,0.0835,0.07,-5.8427132898941636e-05,0.40577054023742676,296,0.003082275390625,0.11191195249557495,-0.24385946104303002,0.0001,0.8329795897006989,0.00040389187,0.2,,
,0.436,0.477,,1240000,,,0.087,,-0.00024866522653610446,0.41079288721084595,300,0.0013427734375,0.11141782999038696,-0.24563786014914513,0.0001,0.8342397920787334,0.0007574801,0.2,0.05,1.508
1.61,0.4275,0.488,326,1245184,3817,76,0.0845,0.085,,,,,,,,,,,,
1.54,0.4365,0.473,330,1261568,3819,77,0.0905,-0.07,-0.000481900162412785,0.3942067325115204,304,0.0075225830078125,0.11163771152496338,-0.24448957946151495,0.0001,0.8354799617081881,0.00024723852,0.2,,
1.42,0.4445,0.473,334,1277952,3821,78,0.0825,-0.02,0.00010928659321507439,0.3961508870124817,308,0.00604248046875,0.11235028505325317,-0.23736047325655818,0.0001,0.8315295465290546,0.00089681335,0.2,,
,,,,1280000,,,,,-0.0003506745706545189,0.40601658821105957,312,0.007110595703125,0.1126706600189209,-0.23363248631358147,0.0001,0.8211158234626055,0.000427161,0.2,-0.074,1.486
1.57,0.423,0.4845,338,1294336,3819,79,0.0925,-0.145,,,,,,,,,,,,
1.51,0.4175,0.493,343,1310720,3819,80,0.0895,0.05,-6.301547182374634e-05,0.39876365661621094,316,0.0020751953125,0.1155887246131897,-0.23167968355119228,0.0001,0.8234694954007864,0.0009378897,0.2,,
,0.4355,0.4795,,1320000,,,0.085,,2.3509295715484768e-05,0.40608611702919006,320,4.57763671875e-05,0.11125165224075317,-0.23220273153856397,0.0001,0.8332241121679544,0.00090540736,0.2,-0.087,1.544
1.64,0.4455,0.474,347,1327104,3815,81,0.0805,-0.165,,,,,,,,,,,,
1.58,0.412,0.496,352,1343488,3815,82,0.092,-0.19,-0.000515313495270675,0.40182989835739136,324,0.005828857421875,0.1102336049079895,-0.22985689621418715,0.0001,0.8314297515898943,0.0012113967,0.2,,
1.57,0.4145,0.4965,356,1359872,3817,83,0.089,-0.005,-7.411231126752682e-05,0.41165411472320557,328,0.001495361328125,0.10977393388748169,-0.22825108421966434,0.0001,0.832531314343214,0.00045571805,0.2,,
,,,,1360000,,,,,-0.0005173324752831832,0.40163636207580566,332,0.002105712890625,0.11301124095916748,-0.2230920884758234,0.0001,0.8237315211445093,0.0002937701,0.2,0.051,1.548
1.45,0.4285,0.487,360,1376256,3815,84,0.0845,0.07,,,,,,,,,,,,
1.57,0.418,0.5035,364,1392640,3816,85,0.0785,-0.175,-0.000147586441016756,0.39949044585227966,336,0.0001373291015625,0.10970151424407959,-0.22175635304301977,0.0001,0.8270286694169044,0.00040844968,0.2,,
,0.4165,0.4905,,1400000,,,0.093,,-0.0002804974683385808,0.4108850955963135,340,0.00177001953125,0.11143100261688232,-0.21696951938793063,0.0001,0.8215417172759771,0.0008869275,0.2,-0.016,1.534
1.7,0.42,0.4825,369,1409024,3814,86,0.0975,0.045,,,,,,,,,,,,
1.64,0.4285,0.487,373,1425408,3816,87,0.0845,-0.135,-0.0001444572480977513,0.4055543839931488,344,0.0032958984375,0.11579316854476929,-0.21358865732327104,0.0001,0.8205693736672401,0.0007687741,0.2,,
,0.4235,0.494,,1440000,,,0.0825,,-0.0005229555099504068,0.39495569467544556,348,0.006744384765625,0.1165209412574768,-0.21406823070719838,0.0001,0.8150260057300329,0.0008197206,0.2,-0.034,1.506
1.52,0.446,0.4775,377,1441792,3815,88,0.0765,0.13,,,,,,,,,,,,
1.45,0.4265,0.491,382,1458176,3816,89,0.0825,-0.16,-0.00011227195318497252,0.39422667026519775,352,0.0027008056640625,0.13001161813735962,-0.21521867020055652,0.0001,0.8076377362012863,0.00084547105,0.2,,
1.51,0.4125,0.505,386,1474560,3817,90,0.0825,0.1,-0.0005336112990335096,0.3940030038356781,356,0.007415771484375,0.12881267070770264,-0.21442086808383465,0.0001,0.8161641266196966,0.001518216,0.2,,
,0.4145,0.508,,1480000,,,0.0775,,-7.952545092848595e-05,0.40470051765441895,360,0.0021820068359375,0.11610662937164307,-0.21435935515910387,0.0001,0.8279873579740524,0.000120571654,0.2,-0.074,1.562
1.55,0.4315,0.4725,390,1490944,3816,91,0.096,-0.05,,,,,,,,,,,,
1.58,0.453,0.4715,394,1507328,3817,92,0.0755,0.18,-0.0001421161723555997,0.3998428285121918,364,0.0019378662109375,0.12007462978363037,-0.21171352500095963,0.0001,0.8170681223273277,0.00070586905,0.2,,
,0.4125,0.5005,,1520000,,,0.087,,-0.0002016135913436301,0.39624032378196716,368,0.00311279296875,0.11625516414642334,-0.20979194669052958,0.0001,0.822076003998518,0.0006757428,0.2,-0.057,1.532
1.55,0.431,0.483,399,1523712,3816,93,0.086,0.005,,,,,,,,,,,,
1.53,0.4285,0.482,403,1540096,3817,94,0.0895,-0.205,-3.677052154671401e-05,0.3866611123085022,372,0.0002593994140625,0.12403422594070435,-0.21058925427496433,0.0001,0.8163833767175674,0.0003868048,0.2,,
1.52,0.437,0.4755,407,1556480,3819,95,0.0875,-0.09,-7.20340249245055e-05,0.4013393819332123,376,6.103515625e-05,0.11797237396240234,-0.2069532941095531,0.0001,0.8164922967553139,0.00017060406,0.2,,
,0.4265,0.484,,1560000,,,0.0895,,-0.00019109655113425106,0.39789602160453796,380,0.00640869140625,0.13023227453231812,-0.20321206282824278,0.0001,0.8111366610974073,0.0007680129,0.2,-0.053,1.514
1.67,0.447,0.4675,412,1572864,3817,96,0.0855,0.03,,,,,,,,,,,,
1.54,0.416,0.484,416,1589248,3818,97,0.1,-0.125,-0.00011005085616488941,0.403043657541275,384,0.0028076171875,0.12983202934265137,-0.20417862199246883,0.0001,0.8105464335530996,0.00014917235,0.2,,
,0.417,0.5035,,1600000,,,0.0795,,-0.00036669839937530924,0.3963153064250946,388,0.0034027099609375,0.12517225742340088,-0.20540504343807697,0.0001,0.8187628071755171,0.00061660423,0.2,-0.06,1.514
1.59,0.4225,0.4915,420,1605632,3815,98,0.086,-0.185,,,,,,,,,,,,
1.42,0.4235,0.4945,425,1622016,3815,99,0.082,0.015,-3.024661054951139e-06,0.40070050954818726,392,0.000823974609375,0.12341487407684326,-0.20265138009563088,0.0001,0.8178683798760176,0.00051072333,0.2,,
1.49,0.423,0.4935,429,1638400,3815,100,0.0835,0.135,-0.00020052896434208378,0.3964023292064667,396,0.0028228759765625,0.12726378440856934,-0.20309129683300853,0.0001,0.8114297911524773,0.00090237363,0.2,,
,,,,1640000,,,,,-0.00010267230391036719,0.3876664340496063,400,0.0048828125,0.12880456447601318,-0.20408437075093389,0.0001,0.8049198146909475,0.00037230027,0.2,-0.041,1.536
1.5,0.419,0.4955,433,1654784,3813,101,0.0855,-0.03,,,,,,,,,,,,
1.51,0.4455,0.477,438,1671168,3814,102,0.0775,-0.105,-0.0004309307441872079,0.38391029834747314,404,0.0042266845703125,0.13480395078659058,-0.20116891292855144,0.0001,0.801440991461277,0.000776007,0.2,,
,0.419,0.4995,,1680000,,,0.0815,,-4.152862311457284e-05,0.39137881994247437,408,0.002532958984375,0.12762659788131714,-0.19804523885250092,0.0001,0.8105695191770792,0.00050061056,0.2,-0.028,1.52
1.52,0.4085,0.4965,442,1687552,3813,103,0.095,0.17,,,,,,,,,,,,
1.47,0.422,0.496,446,1703936,3813,104,0.082,-0.2,-0.00016884682554518804,0.3867114782333374,412,0.0038604736328125,0.12688720226287842,-0.19904727209359407,0.0001,0.8091445453464985,0.0008378757,0.2,,
,0.438,0.4815,,1720000,,,0.0805,,-0.0009031033368955832,0.3964080512523651,416,0.00933837890625,0.1255517601966858,-0.19883695524185896,0.0001,0.810346219688654,0.0014353395,0.2,-0.011,1.508
1.5,0.4285,0.488,451,1720320,3811,105,0.0835,-0.055,,,,,,,,,,,,
1.66,0.4265,0.484,455,1736704,3813,106,0.0895,0.21,-0.0002635836099216249,0.38765865564346313,420,0.0042572021484375,0.1257573366165161,-0.19700744422152638,0.0001,0.8092108108103275,0.0007234352,0.2,,
1.68,0.419,0.499,459,1753088,3812,107,0.082,-0.065,-5.11852340423502e-06,0.3972648084163666,424,0.0020904541015625,0.13357669115066528,-0.19752199156209826,0.0001,0.801474254578352,0.0004295978,0.2,,
,0.45,0.461,,1760000,,,0.089,,-0.00022627411817666143,0.38556236028671265,428,0.003753662109375,0.1366087794303894,-0.19927499536424875,0.0001,0.798882469534874,0.0009561369,0.2,-0.04,1.498
1.41,0.433,0.491,464,1769472,3810,108,0.076,0.115,,,,,,,,,,,,
1.45,0.4335,0.4835,468,1785856,3810,109,0.083,-0.085,-0.000357795950549189,0.3935208022594452,432,0.0077972412109375,0.1360551118850708,-0.1962788929231465,0.0001,0.8065169993788004,0.0012491525,0.2,,
,0.422,0.4925,,1800000,,,0.0855,,-0.0006210016799741425,0.39013615250587463,436,0.00933837890625,0.13249462842941284,-0.19379345001652837,0.0001,0.8129741419106722,0.0010243416,0.2,-0.061,1.502
1.53,0.4445,0.473,473,1802240,3808,110,0.0825,-0.17,,,,,,,,,,,,
1.51,0.429,0.496,477,1818624,3808,111,0.075,0.075,-5.988839166093385e-05,0.3929470181465149,440,0.0009765625,0.13712310791015625,-0.19521288154646754,0.0001,0.8080654107034206,0.0003699308,0.2,,
1.55,0.4275,0.491,481,1835008,3808,112,0.0815,-0.035,-0.00017210345686180517,0.4042608141899109,444,0.00250244140625,0.13919419050216675,-0.19062855932861567,0.0001,0.8109123297035694,0.00048231432,0.2,,
,0.4245,0.483,,1840000,,,0.0925,,-0.00013503981972462498,0.3906896710395813,448,0.0037841796875,0.145311176776886,-0.18912247940897942,0.0001,0.7920747250318527,0.0009698997,0.2,-0.032,1.532
1.66,0.439,0.482,486,1851392,3807,113,0.079,0.03,,,,,,,,,,,,
1.42,0.418,0.4865,490,1867776,3808,114,0.0955,-0.025,-0.0002189728693338111,0.38090646266937256,452,0.0028228759765625,0.14057451486587524,-0.19184208055958152,0.0001,0.7978800497949123,0.00065878825,0.2,,
,0.4305,0.4835,,1880000,,,0.086,,-7.125249248929322e-05,0.3857647478580475,456,0.0011749267578125,0.14080780744552612,-0.1948881559073925,0.0001,0.8019315507262945,0.00012472861,0.2,0.032,1.556
1.6,0.4205,0.4935,494,1884160,3806,115,0.086,-0.075,,,,,,,,,,,,
1.51,0.4495,0.4655,499,1900544,3808,116,0.085,-0.01,-0.0003090078062086832,0.3877394497394562,460,0.00311279296875,0.14089632034301758,-0.18896665098145604,0.0001,0.7990157790482044,0.00082786084,0.2,,
1.48,0.443,0.4735,503,1916928,3810,117,0.0835,-0.04,-5.0830349209718406e-05,0.3873565196990967,464,0.0022735595703125,0.14416950941085815,-0.1889527067542076,0.0001,0.8016558922827244,0.0010183214,0.2,,
,0.4275,0.4875,,1920000,,,0.085,,-0.00014992375872679986,0.38376832008361816,468,0.0018310546875,0.14405429363250732,-0.18843365088105202,0.0001,0.7997262738645077,0.00030824656,0.2,-0.032,1.498
1.58,0.4435,0.476,507,1933312,3809,118,0.0805,-0.085,,,,,,,,,,,,
1.64,0.437,0.4705,511,1949696,3810,119,0.0925,-0.095,-0.00015019030615803786,0.39192092418670654,472,0.0028076171875,0.14317727088928223,-0.1863391730003059,0.0001,0.7995436601340771,0.0001520656,0.2,,
,0.437,0.4765,,1960000,,,0.0865,,-0.00015396890375996009,0.38504505157470703,476,0.0038909912109375,0.15467524528503418,-0.18909383518621325,0.0001,0.7859704345464706,0.00038747914,0.2,-0.051,1.506
1.4,0.4225,0.4965,516,1966080,3809,120,0.081,-0.225,,,,,,,,,,,,
1.53,0.424,0.491,520,1982464,3809,121,0.085,0.03,-0.0003329103856231086,0.3953283131122589,480,0.0062408447265625,0.14951932430267334,-0.1934051518328488,0.0001,0.7943165190517902,0.00088835665,0.2,,
1.51,0.4065,0.5035,524,1998848,3809,122,0.09,-0.095,-0.0004101663434994407,0.3833075165748596,484,0.0063018798828125,0.1469537615776062,-0.19424264319241047,0.0001,0.8001617304980755,0.00037545146,0.2,,
,,,,2000000,,,,,-0.00034077967575285584,0.37980806827545166,488,0.00384521484375,0.14986252784729004,-0.19634885573759675,0.0001,0.7985620144754648,0.0004669068,0.2,-0.057,1.57
1.52,0.434,0.489,528,2015232,3809,123,0.077,-0.09,,,,,,,,,,,,
1.57,0.4255,0.4915,533,2031616,3809,124,0.083,0.045,-0.000456522135209525,0.4000280797481537,492,0.0050201416015625,0.15592938661575317,-0.19593791710212827,0.0001,0.7980582136660814,0.0005634724,0.2,,
,0.4295,0.492,,2040000,,,0.0785,,-0.00020066637989657465,0.39651310443878174,496,0.0046234130859375,0.15157830715179443,-0.19814657885581255,0.0001,0.7983480896800756,0.0010049242,0.2,-0.089,1.472
1.58,0.423,0.4845,537,2048000,3807,125,0.0925,-0.005,,,,,,,,,,,,
1.48,0.404,0.506,542,2064384,3808,126,0.09,0.025,-0.0002955732197733596,0.38351452350616455,500,0.0015106201171875,0.14927536249160767,-0.19628117885440588,0.0001,0.8034230545163155,0.0005432503,0.2,,
,0.4185,0.49,,2080000,,,0.0915,,-7.185219146776944e-05,0.397520512342453,504,0.0028228759765625,0.1430174708366394,-0.1966112032532692,0.0001,0.8080933969467878,0.00073376554,0.2,-0.018,1.608
1.46,0.4275,0.481,546,2080768,3805,127,0.0915,0.03,,,,,,,,,,,,
1.49,0.4265,0.4795,551,2097152,3804,128,0.094,0.015,-0.00019518219778547063,0.3835219740867615,508,0.003265380859375,0.15540677309036255,-0.19376598251983523,0.0001,0.7913039848208427,0.000708752,0.2,,
1.59,0.4385,0.476,555,2113536,3804,129,0.0855,-0.03,-0.0004035064484924078,0.38807225227355957,512,0.0024566650390625,0.1500333547592163,-0.1920277727767825,0.0001,0.7975936122238636,0.00070684263,0.2,,
,0.444,0.4645,,2120000,,,0.0915,,2.3883319954620674e-05,0.3938755989074707,516,0.00140380859375,0.15121519565582275,-0.1886993683874607,0.0001,0.7928782869130373,0.0003031224,0.2,0.006,1.584
1.55,0.418,0.493,560,2129920,3802,130,0.089,0.09,,,,,,,,,,,,
1.63,0.4325,0.48,564,2146304,3801,131,0.0875,-0.02,-0.00018984253620146774,0.3904903531074524,520,0.00567626953125,0.15978848934173584,-0.1867944709956646,0.0001,0.7879423033446074,0.00033685053,0.2,,
,0.4445,0.4735,,2160000,,,0.082,,-5.878199044673238e-05,0.38144993782043457,524,0.0037994384765625,0.15857672691345215,-0.1837914902716875,0.0001,0.7791291680186987,0.0005438308,0.2,-0.08,1.532
1.59,0.4225,0.4895,569,2162688,3800,132,0.088,0.005,,,,,,,,,,,,
1.48,0.408,0.509,573,2179072,3801,133,0.083,-0.125,-0.00014330159683595411,0.3805495500564575,528,0.0023193359375,0.1621648073196411,-0.186753842048347,0.0001,0.7840036004781723,0.00020238144,0.2,,
1.58,0.426,0.4915,577,2195456,3802,134,0.0825,0.055,-9.643201883591246e-05,0.38638007640838623,532,0.00079345703125,0.1556721329689026,-0.1850629490800202,0.0001,0.7926841489970684,0.000334087,0.2,,
,0.421,0.4915,,2200000,,,0.0875,,-0.00022509757400257513,0.37918949127197266,536,0.002197265625,0.15303558111190796,-0.18805196974426508,0.0001,0.7990761715918779,0.0006057666,0.2,-0.122,1.522
1.54,0.4435,0.4775,581,2211840,3800,135,0.079,0.05,,,,,,,,,,,,
1.61,0.4255,0.483,586,2228224,3800,136,0.0915,0.015,-0.000351474362105364,0.3880164325237274,540,0.003143310546875,0.1586982011795044,-0.1816450785845518,0.0001,0.7889949437230825,0.0005864502,0.2,,
,0.441,0.4725,,2240000,,,0.0865,,-0.0005000767960154917,0.3943268358707428,544,0.004241943359375,0.16534823179244995,-0.19112176960334182,0.0001,0.7893901914358139,0.0010946211,0.2,-0.088,1.532
1.69,0.4235,0.484,590,2244608,3798,137,0.0925,-0.04,,,,,,,,,,,,
1.58,0.4245,0.488,595,2260992,3798,138,0.0875,0.125,-4.073492527822964e-05,0.3975267708301544,548,0.0013885498046875,0.15377932786941528,-0.18298663664609194,0.0001,0.7932070922106504,0.00011010981,0.2,,
1.51,0.44,0.4695,599,2277376,3797,139,0.0905,-0.045,-0.00019802564565907232,0.3821122348308563,552,0.0019989013671875,0.16617029905319214,-0.18833449762314558,0.0001,0.7892516758292913,0.00043255364,0.2,,
,0.4245,0.49,,2280000,,,0.0855,,-0.0003293443296570331,0.39823493361473083,556,0.0014190673828125,0.16436272859573364,-0.18553303740918636,0.0001,0.8031056933104992,0.00050868286,0.2,-0.019,1.524
1.52,0.433,0.479,604,2293760,3795,140,0.088,0.035,,,,,,,,,,,,
1.51,0.4405,0.478,608,2310144,3795,141,0.0815,-0.1,-0.00024689823294465896,0.3715043067932129,560,0.0038604736328125,0.15907293558120728,-0.18409548746421933,0.0001,0.7868802510201931,0.00051933865,0.2,,
,0.433,0.477,,2320000,,,0.09,,0.00025930890478775837,0.38161537051200867,564,0.005950927734375,0.17635005712509155,-0.18608327582478523,0.0001,0.7756019309163094,0.0005896029,0.2,-0.04,1.564
1.6,0.442,0.4695,613,2326528,3793,142,0.0885,-0.125,,,,,,,,,,,,
1.53,0.4225,0.4915,617,2342912,3794,143,0.086,-0.165,-0.0004701906073023565,0.38118886947631836,568,0.0053558349609375,0.16516000032424927,-0.18334781052544713,0.0001,0.7856767158955336,0.0011338438,0.2,,
1.51,0.445,0.46,621,2359296,3795,144,0.095,-0.01,-0.00010951736658171285,0.3886197507381439,572,0.002593994140625,0.16698801517486572,-0.18239855207502842,0.0001,0.782916996628046,0.00051449833,0.2,,
,,,,2360000,,,,,-0.0006565657840837957,0.37679237127304077,576,0.007904052734375,0.16633301973342896,-0.1788000175729394,0.0001,0.7785858158022165,0.00093151384,0.2,-0.065,1.552
1.55,0.444,0.4695,626,2375680,3794,145,0.0865,0.035,,,,,,,,,,,,
1.41,0.4195,0.485,630,2392064,3795,146,0.0955,-0.07,-0.0002479655413480941,0.38302645087242126,580,0.0020751953125,0.16073501110076904,-0.17870966717600822,0.0001,0.7947819624096155,0.0008303452,0.2,,
,0.4375,0.477,,2400000,,,0.0855,,-0.0005035905960539822,0.3832148015499115,584,0.0059661865234375,0.1557767391204834,-0.18042206717655063,0.0001,0.7906328290700912,0.0009885017,0.2,-0.002,1.524
1.64,0.42,0.4925,634,2408448,3794,147,0.0875,0.025,,,,,,,,,,,,
1.55,0.4455,0.4695,638,2424832,3795,148,0.085,0.055,-0.00017381176803610288,0.38387006521224976,588,0.0014495849609375,0.1713985800743103,-0.17666399152949452,0.0001,0.7747616060078144,0.0006822367,0.2,,
,0.434,0.4715,,2440000,,,0.0945,,-0.00021331317475414835,0.3736673891544342,592,0.0035247802734375,0.17544031143188477,-0.17914222180843353,0.0001,0.7850526217371225,0.0011466078,0.2,0.001,1.544
1.67,0.4325,0.478,643,2441216,3793,149,0.0895,-0.065,,,,,,,,,,,,
1.42,0.439,0.475,647,2457600,3794,150,0.086,-0.01,-0.00040929106398834847,0.3741643726825714,596,0.0034027099609375,0.16482579708099365,-0.18110290123149753,0.0001,0.7851176597177982,0.00092380244,0.2,,
1.6,0.425,0.494,651,2473984,3795,151,0.081,-0.2,-0.0002633877011248842,0.3861371874809265,600,0.0039825439453125,0.17342311143875122,-0.17853364581242204,0.0001,0.7911012973636389,0.000490405,0.2,,
,0.4295,0.4885,,2480000,,,0.082,,-0.0005177021757845068,0.38382068276405334,604,0.004058837890625,0.16660970449447632,-0.17634654697030783,0.0001,0.8042970970273018,0.00084598456,0.2,0.0,1.534
1.54,0.44,0.4775,656,2490368,3794,152,0.0825,0.125,,,,,,,,,,,,
1.41,0.4115,0.491,660,2506752,3795,153,0.0975,-0.09,-0.0001744709261402022,0.4043901264667511,608,0.00726318359375,0.16697776317596436,-0.17406162107363343,0.0001,0.7971506640315056,0.0011629853,0.2,,
,0.4245,0.4815,,2520000,,,0.094,,-1.2728633009828627e-05,0.372575581073761,612,0.0031890869140625,0.1674925684928894,-0.17380549106746912,0.0001,0.7795811798423529,0.0011259639,0.2,-0.071,1.526
1.53,0.429,0.476,664,2523136,3794,154,0.095,-0.095,,,,,,,,,,,,
1.51,0.429,0.492,669,2539520,3795,155,0.079,-0.145,-0.00026500902822590433,0.37377581000328064,616,0.00506591796875,0.17632097005844116,-0.1722707343287766,0.0001,0.7742221038788557,0.00098958,0.2,,
1.39,0.4295,0.4845,673,2555904,3797,156,0.086,-0.14,-0.00021986482170177624,0.3839069604873657,620,0.0049285888671875,0.16868633031845093,-0.17853474104776978,0.0001,0.7853350285440683,0.0007103487,0.2,,
,0.4115,0.493,,2560000,,,0.0955,,-0.00028017676959279925,0.37372323870658875,624,0.0084686279296875,0.17605632543563843,-0.1723581301048398,0.0001,0.7742429058998823,0.0005761902,0.2,0.063,1.554
1.55,0.4235,0.475,677,2572288,3795,157,0.1015,-0.095,,,,,,,,,,,,
1.47,0.4145,0.4845,682,2588672,3794,158,0.101,-0.03,-4.360610546427779e-05,0.3819888234138489,628,0.0077362060546875,0.1759786605834961,-0.17404087400063872,0.0001,0.7717699874192476,0.00071014586,0.2,,
,0.4285,0.4725,,2600000,,,0.099,,-9.844125816016458e-05,0.39158836007118225,632,0.004638671875,0.17791438102722168,-0.1733571826480329,0.0001,0.7748752050101757,0.0009168829,0.2,-0.053,1.522
1.6,0.433,0.477,686,2605056,3794,159,0.09,0.355,,,,,,,,,,,,
1.47,0.4375,0.476,690,2621440,3794,160,0.0865,0.095,-6.998070966801606e-05,0.3759722411632538,636,0.0023193359375,0.18996816873550415,-0.17163229221478105,0.0001,0.7633417416363955,0.00043692262,0.2,,
1.49,0.45,0.465,694,2637824,3795,161,0.085,0.16,-0.00015084656843100674,0.364291250705719,640,0.0013580322265625,0.1820615530014038,-0.17526276735588908,0.0001,0.7678257338702679,0.0005095436,0.2,,
,0.4385,0.4705,,2640000,,,0.091,,-0.0006477891220129095,0.38662275671958923,644,0.0053253173828125,0.1677863597869873,-0.1761669642291963,0.0001,0.787826407700777,0.0005312811,0.2,0.016,1.528
1.5,0.445,0.4695,699,2654208,3793,162,0.0855,0.025,,,,,,,,,,,,
1.47,0.424,0.485,703,2670592,3794,163,0.091,-0.165,-8.827050987747498e-05,0.37654951214790344,648,0.0012664794921875,0.17640066146850586,-0.1769736148416996,0.0001,0.77482127584517,0.00042032407,0.2,,
,0.4205,0.492,,2680000,,,0.0875,,-0.0003731652286660392,0.37880221009254456,652,0.002166748046875,0.1781606674194336,-0.17632432095706463,0.0001,0.7748097945004702,0.000800399,0.2,-0.025,1.532
1.51,0.435,0.4825,708,2686976,3792,164,0.0825,0.02,,,,,,,,,,,,
1.55,0.4455,0.4725,712,2703360,3792,165,0.082,0.08,-0.000134585836349288,0.3852386176586151,656,0.0068817138671875,0.17059475183486938,-0.17531757662072778,0.0001,0.7749679666012526,0.0011182745,0.2,,
1.44,0.424,0.4905,716,2719744,3793,166,0.0855,-0.115,-5.1595103286672384e-05,0.3835277557373047,660,0.0048980712890625,0.18315386772155762,-0.17622995050624013,0.0001,0.774942034855485,0.0005497855,0.2,,
,,,,2720000,,,,,-5.529997361009009e-05,0.3714688718318939,664,0.001007080078125,0.18385881185531616,-0.17519647534936666,0.0001,0.758936770260334,0.0005148472,0.2,-0.022,1.558
1.49,0.4045,0.508,721,2736128,3793,167,0.0875,-0.18,,,,,,,,,,,,
1.46,0.4295,0.482,725,2752512,3794,168,0.0885,0.045,-3.227758134016767e-05,0.38096198439598083,668,0.001983642578125,0.1852514147758484,-0.17308726767078042,0.0001,0.7608164995908737,0.0004091889,0.2,,
,0.4205,0.496,,2760000,,,0.0835,,-0.00021127710715518333,0.3767438530921936,672,0.005401611328125,0.17917591333389282,-0.17615163745358586,0.0001,0.7700183261185884,0.0006233407,0.2,0.04,1.592
1.5,0.4205,0.4915,729,2768896,3793,169,0.088,-0.01,,,,,,,,,,,,
1.58,0.4425,0.469,734,2785280,3794,170,0.0885,-0.155,-0.0003329887258587405,0.38647228479385376,676,0.0026702880859375,0.17988836765289307,-0.17263726657256484,0.0001,0.7733135800808668,0.00047581442,0.2,,
,0.4285,0.4835,,2800000,,,0.088,,-8.008091390365735e-05,0.376094788312912,680,0.0024871826171875,0.18006855249404907,-0.17276872135698795,0.0001,0.7715271525084972,0.0005606468,0.2,-0.002,1.524
1.44,0.4415,0.485,738,2801664,3794,171,0.0735,-0.025,,,,,,,,,,,,
1.5,0.4215,0.4985,742,2818048,3795,172,0.08,-0.15,-0.00011461152462288737,0.37221768498420715,684,0.0022735595703125,0.18850451707839966,-0.17702506016939878,0.0001,0.7722704596817493,0.0008181378,0.2,,
1.42,0.433,0.49,746,2834432,3796,173,0.077,0.02,-0.0003122222260572016,0.38939064741134644,688,0.0059356689453125,0.18260538578033447,-0.17582107754424214,0.0001,0.7682941369712353,0.0004910178,0.2,,
,0.421,0.488,,2840000,,,0.091,,-0.00037429686199175194,0.3671996593475342,692,0.0031890869140625,0.19044601917266846,-0.1707207108847797,0.0001,0.7600101679563522,0.0005812806,0.2,0.009,1.516
1.62,0.4245,0.478,751,2850816,3795,174,0.0975,0.115,,,,,,,,,,,,
1.43,0.4325,0.485,755,2867200,3794,175,0.0825,-0.125,-0.0002718335308600217,0.3662453591823578,696,0.00335693359375,0.18331217765808105,-0.1705370550043881,0.0001,0.7628923188894987,0.00031638093,0.2,,
,0.4205,0.4925,,2880000,,,0.087,,-0.00047780858949408866,0.38353946805000305,700,0.0059661865234375,0.18025588989257812,-0.17441051173955202,0.0001,0.7724726162850857,0.0010094206,0.2,-0.013,1.536
1.44,0.437,0.479,760,2883584,3792,176,0.084,0.015,,,,,,,,,,,,
1.54,0.443,0.4595,764,2899968,3790,177,0.0975,0.0,-0.00011957829337916337,0.37700411677360535,704,0.002960205078125,0.18352371454238892,-0.17185942735522985,0.0001,0.7809839025139809,0.0006744676,0.2,,
1.62,0.4135,0.4935,769,2916352,3791,178,0.093,-0.01,-4.726007682620548e-05,0.37527644634246826,708,6.103515625e-05,0.18046045303344727,-0.17067877762019634,0.0001,0.772111851722002,0.00020624296,0.2,,
,0.428,0.4845,,2920000,,,0.0875,,-0.00032884153188206255,0.3858264982700348,712,0.005340576171875,0.17882543802261353,-0.17139562172815204,0.0001,0.776851350441575,0.00109753,0.2,0.009,1.534
1.45,0.4255,0.4795,773,2932736,3789,179,0.095,-0.09,,,,,,,,,,,,
1.53,0.428,0.491,778,2949120,3788,180,0.081,-0.08,-0.0001391017394780647,0.3867952823638916,716,0.002593994140625,0.18402594327926636,-0.17348739551380277,0.0001,0.7775452584028244,0.0004612236,0.2,,
,0.4365,0.48,,2960000,,,0.0835,,-0.00025655276112956926,0.37285229563713074,720,0.0041046142578125,0.19099074602127075,-0.17365352483466268,0.0001,0.771258220076561,0.0008600945,0.2,-0.057,1.532
1.59,0.412,0.4985,783,2965504,3785,181,0.0895,0.03,,,,,,,,,,,,
1.56,0.4285,0.4905,787,2981888,3784,182,0.081,0.055,-0.0002062242383544799,0.38973820209503174,724,0.004058837890625,0.18583714962005615,-0.17691074311733246,0.0001,0.7749157305806875,0.0009157645,0.2,,
1.44,0.417,0.4835,792,2998272,3783,183,0.0995,-0.02,-0.00044929531213711016,0.37381982803344727,728,0.004119873046875,0.20059067010879517,-0.17870619194582105,0.0001,0.7697568144649267,0.000683579,0.2,,
,,,,3000000,,,,,-0.000606181343755452,0.37320995330810547,732,0.0065765380859375,0.194594144821167,-0.17815603269264102,0.0001,0.7795108258724213,0.000997357,0.2,-0.066,1.552
1.55,0.438,0.4885,797,3014656,3781,184,0.0735,-0.07,,,,,,,,,,,,
1.5,0.4225,0.4845,801,3031040,3780,185,0.093,0.0,-0.0003661341870611068,0.38249367475509644,736,0.00262451171875,0.19336199760437012,-0.17543841898441315,0.0001,0.7884319722652435,0.00087482686,0.2,,
,0.4305,0.47,,3040000,,,0.0995,,-0.00032472304519615136,0.37693867087364197,740,0.0040435791015625,0.17590868473052979,-0.17837714590132236,0.0001,0.7853783518075943,0.0007365692,0.2,-0.053,1.588
1.76,0.427,0.478,806,3047424,3778,186,0.095,0.035,,,,,,,,,,,,
1.59,0.433,0.4785,811,3063808,3777,187,0.0885,-0.04,-0.0006754198329872452,0.37239864468574524,744,0.0086822509765625,0.18593144416809082,-0.1858005509711802,0.0001,0.7890692986547947,0.0009136513,0.2,,
,0.437,0.479,,3080000,,,0.084,,-1.0182979167439044e-05,0.3909654915332794,748,3.0517578125e-05,0.19013309478759766,-0.18325163843110204,0.0001,0.8087188340723515,0.00015550003,0.2,-0.053,1.552
1.47,0.4315,0.484,815,3080192,3775,188,0.0845,-0.25,,,,,,,,,,,,
1.56,0.43,0.502,820,3096576,3774,189,0.068,-0.035,-0.00025574817482265644,0.3935154676437378,752,0.0023956298828125,0.17601925134658813,-0.18332944018766284,0.0001,0.8144542351365089,0.0007613411,0.2,,
1.54,0.426,0.4775,824,3112960,3773,190,0.0965,-0.06,-0.00021784279306302778,0.39516013860702515,756,0.001983642578125,0.17989706993103027,-0.18862846214324236,0.0001,0.8273589331656694,0.00041572558,0.2,,
,0.4355,0.471,,3120000,,,0.0935,,-0.0005913613913435256,0.4070703983306885,760,0.0058746337890625,0.18273842334747314,-0.19061404280364513,0.0001,0.8095977567136288,0.0008234575,0.2,-0.04,1.586
1.69,0.421,0.49,830,3129344,3770,191,0.089,-0.205,,,,,,,,,,,,
1.52,0.452,0.4715,834,3145728,3769,192,0.0765,-0.025,-0.0005910887539357645,0.38956353068351746,764,0.0038299560546875,0.19155222177505493,-0.18682080646976829,0.0001,0.797737130895257,0.00051238074,0.2,,
,0.423,0.4815,,3160000,,,0.0955,,-0.0004412948437675368,0.3849841356277466,768,0.0057830810546875,0.18675756454467773,-0.1800804529339075,0.0001,0.8015335183590651,0.00088595704,0.2,-0.03,1.61
1.48,0.4515,0.4605,838,3162112,3769,193,0.088,0.06,,,,,,,,,,,,
1.56,0.419,0.49,842,3178496,3770,194,0.091,0.06,-0.0001878678103821585,0.39248892664909363,772,0.0020294189453125,0.18925493955612183,-0.18030220875516534,0.0001,0.7852945066988468,0.00048433055,0.2,,
1.43,0.425,0.4905,846,3194880,3772,195,0.0845,0.05,-0.0004404468709253706,0.37533998489379883,776,0.0023956298828125,0.20408493280410767,-0.17836932558566332,0.0001,0.7619942482560873,0.00036516017,0.2,,
,0.4005,0.506,,3200000,,,0.0935,,-0.0004949597205268219,0.39588093757629395,780,0.006927490234375,0.19346654415130615,-0.18314014375209808,0.0001,0.7858806364238262,0.00090266555,0.2,0.004,1.574
1.52,0.437,0.476,851,3211264,3770,196,0.087,-0.015,,,,,,,,,,,,
1.49,0.4155,0.4905,856,3227648,3769,197,0.094,-0.23,-0.0001839890483097406,0.38344448804855347,784,0.0013580322265625,0.20277422666549683,-0.18069994822144508,0.0001,0.7774578146636486,0.00065650675,0.2,,
,0.425,0.484,,3240000,,,0.091,,-0.0004100332116649952,0.3714437782764435,788,0.00360107421875,0.19016849994659424,-0.18228920735418797,0.0001,0.7891801986843348,0.00072307326,0.2,-0.012,1.56
1.68,0.415,0.496,860,3244032,3767,198,0.089,0.125,,,,,,,,,,,,
1.58,0.4305,0.494,865,3260416,3767,199,0.0755,0.185,-8.029839227674529e-05,0.3960616886615753,792,0.000885009765625,0.184343159198761,-0.18218267569318414,0.0001,0.8059457037597895,0.00015027287,0.2,,
1.62,0.4095,0.5035,870,3276800,3766,200,0.087,-0.14,-0.00010313096572645009,0.3724975287914276,796,0.0034027099609375,0.18897885084152222,-0.18084562476724386,0.0001,0.7851570714265108,0.0005282669,0.2,,
,0.3975,0.5195,,3280000,,,0.083,,-0.0003628854756243527,0.38961300253868103,800,0.0047760009765625,0.19940322637557983,-0.17337115202099085,0.0001,0.7809621896594763,0.0009435749,0.2,-0.01,1.556
1.66,0.431,0.478,874,3293184,3764,201,0.091,-0.02,,,,,,,,,,,,
1.56,0.431,0.475,878,3309568,3766,202,0.094,-0.02,-0.0001799065685190726,0.3733184337615967,804,0.0020904541015625,0.19707244634628296,-0.17544590588659048,0.0001,0.7754704616963863,0.00026998413,0.2,,
,0.448,0.46,,3320000,,,0.092,,-0.00016840190073708072,0.3782181739807129,808,0.005279541015625,0.1936822533607483,-0.17610967811197042,0.0001,0.7760110851377249,0.00106411,0.2,-0.031,1.596
1.66,0.427,0.4935,883,3325952,3765,203,0.0795,-0.2,,,,,,,,,,,,
1.52,0.435,0.4805,887,3342336,3766,204,0.0845,-0.025,-0.0002786174009088427,0.3594246506690979,812,0.0040740966796875,0.19485366344451904,-0.17542531620711088,0.0001,0.7790954597294331,0.00024489747,0.2,,
1.56,0.4555,0.453,891,3358720,3768,205,0.0915,0.2,-0.0003651725310191978,0.3694276213645935,816,0.006622314453125,0.197151780128479,-0.17677640495821834,0.0001,0.7812567614018917,0.0009715272,0.2,,
,,,,3360000,,,,,2.5232713596778922e-05,0.38531583547592163,820,0.0036163330078125,0.1999908685684204,-0.18194267246872187,0.0001,0.7879830375313759,0.000751207,0.2,-0.052,1.568
1.46,0.4235,0.4795,895,3375104,3768,206,0.097,0.035,,,,,,,,,,,,
1.5,0.431,0.477,899,3391488,3769,207,0.092,0.075,-0.0007847170272725634,0.3750852644443512,824,0.005889892578125,0.19564539194107056,-0.17911065323278308,0.0001,0.7855962663888931,0.0005241445,0.2,,
,0.431,0.4805,,3400000,,,0.0885,,-6.341772677842528e-05,0.39976441860198975,828,0.0018463134765625,0.19549214839935303,-0.17935457453131676,0.0001,0.7982687149196863,0.00014743487,0.2,-0.021,1.552
1.46,0.4225,0.49,903,3407872,3770,208,0.0875,-0.165,,,,,,,,,,,,
1.56,0.442,0.476,908,3424256,3771,209,0.082,0.03,-0.00024479995045112446,0.3697752356529236,832,0.0025787353515625,0.20975792407989502,-0.17611308628693223,0.0001,0.7815802451223135,0.00082433334,0.2,,
,0.417,0.4975,,3440000,,,0.0855,,-0.00020509948808467016,0.3823621869087219,836,0.003692626953125,0.1969110369682312,-0.17802633345127106,0.0001,0.7837965954095125,0.00070770795,0.2,0.001,1.586
1.47,0.4265,0.4895,912,3440640,3771,210,0.084,-0.03,,,,,,,,,,,,
1.48,0.431,0.483,916,3457024,3772,211,0.086,-0.25,-0.0006203357552294619,0.3968654274940491,840,0.0065460205078125,0.19636529684066772,-0.17606454901397228,0.0001,0.8032232634723186,0.0011551324,0.2,,
1.67,0.4325,0.4855,920,3473408,3773,212,0.082,-0.22,-0.00020735884027089924,0.4080420732498169,844,0.0061187744140625,0.20246469974517822,-0.17819078173488379,0.0001,0.8050727806985378,0.0008603523,0.2,,
,0.4125,0.4955,,3480000,,,0.092,,-6.178933108458295e-05,0.38361456990242004,848,0.0020751953125,0.20485931634902954,-0.17953402362763882,0.0001,0.7924277782440186,0.00048297574,0.2,-0.081,1.582
1.55,0.446,0.4595,924,3489792,3774,213,0.0945,-0.04,,,,,,,,,,,,
1.49,0.441,0.47,928,3506176,3774,214,0.089,-0.11,-0.0001554093905724585,0.4143982231616974,852,0.00091552734375,0.19858580827713013,-0.17892809910699725,0.0001,0.8228880446404219,0.0004530703,0.2,,
,0.4025,0.505,,3520000,,,0.0925,,-0.00012332845653872937,0.39343079924583435,856,0.0013275146484375,0.19946515560150146,-0.1748448656871915,0.0001,0.8013339545577765,0.00038506163,0.2,-0.038,1.576
1.68,0.441,0.465,933,3522560,3774,215,0.094,-0.305,,,,,,,,,,,,
1.64,0.417,0.4865,937,3538944,3775,216,0.0965,-0.03,-0.00045199856049293885,0.4079470932483673,860,0.0025482177734375,0.1963132619857788,-0.18005083315074444,0.0001,0.8158901315182447,0.00091549335,0.2,,
1.46,0.4245,0.4855,941,3555328,3776,217,0.09,0.11,-0.0003713731530297082,0.37633535265922546,864,0.0063934326171875,0.19631469249725342,-0.1776777575723827,0.0001,0.7985747754573822,0.0011964787,0.2,,
,0.433,0.478,,3560000,,,0.089,,-8.457040530629456e-05,0.38752129673957825,868,0.001983642578125,0.20167183876037598,-0.17898222897201777,0.0001,0.8121899142861366,0.00024354231,0.2,0.005,1.518
1.55,0.4155,0.4975,945,3571712,3776,218,0.087,0.105,,,,,,,,,,,,
1.63,0.439,0.4735,949,3588096,3778,219,0.0875,0.125,-0.00016553626119275577,0.39697062969207764,872,0.006103515625,0.20708751678466797,-0.17798082623630762,0.0001,0.7967447768896818,0.0008740881,0.2,,
,0.4315,0.4735,,3600000,,,0.095,,-0.0003794955264311284,0.394047349691391,876,0.0063323974609375,0.19993847608566284,-0.17355791153386235,0.0001,0.8047765269875526,0.0005918498,0.2,-0.048,1.63
1.54,0.4225,0.491,953,3604480,3778,220,0.0865,-0.115,,,,,,,,,,,,
1.51,0.432,0.474,957,3620864,3779,221,0.094,-0.095,-0.00032448501588078216,0.38216790556907654,880,0.008209228515625,0.21221554279327393,-0.17424380406737328,0.0001,0.778470303863287,0.001256747,0.2,,
1.57,0.42,0.488,961,3637248,3781,222,0.092,-0.145,1.7195936379721388e-05,0.3846341669559479,884,0.0005950927734375,0.21435153484344482,-0.17254801653325558,0.0001,0.7724505048245192,0.0006875759,0.2,,
,0.411,0.5015,,3640000,,,0.0875,,-0.0006255123116716277,0.38105735182762146,888,0.0043792724609375,0.19903725385665894,-0.17371751787140965,0.0001,0.7970419228076935,0.0004762801,0.2,-0.02,1.598
1.6,0.4425,0.4665,966,3653632,3780,223,0.091,-0.145,,,,,,,,,,,,
1.61,0.4375,0.479,970,3670016,3782,224,0.0835,-0.29,-0.00034057001357723493,0.3982051610946655,892,0.0039825439453125,0.20900487899780273,-0.17012632358819246,0.0001,0.783719489350915,0.0007582762,0.2,,
,0.4165,0.4975,,3680000,,,0.086,,-0.00020623749514925294,0.38644734025001526,896,0.0025177001953125,0.20348572731018066,-0.17641003848984838,0.0001,0.8032657522708178,0.00059897266,0.2,-0.06,1.578
1.58,0.4225,0.4845,974,3686400,3782,225,0.093,-0.045,,,,,,,,,,,,
1.48,0.429,0.486,978,3702784,3783,226,0.085,-0.03,-0.0001344804186373949,0.37446707487106323,900,0.001129150390625,0.2049497365951538,-0.1698434273712337,0.0001,0.7854263056069613,0.0005979236,0.2,,
1.49,0.429,0.4955,982,3719168,3784,227,0.0755,-0.125,-0.0004855604602198582,0.3750012218952179,904,0.00592041015625,0.20999711751937866,-0.17586858617141843,0.0001,0.796920645982027,0.0009211565,0.2,,
,,,,3720000,,,,,-0.0003261393685534131,0.3837853670120239,908,0.004547119140625,0.21013349294662476,-0.17116140201687813,0.0001,0.814468851312995,0.000562983,0.2,-0.004,1.598
1.67,0.4235,0.485,987,3735552,3784,228,0.0915,-0.085,,,,,,,,,,,,
1.47,0.4195,0.4995,991,3751936,3785,229,0.081,-0.175,-3.327809099573642e-05,0.388198584318161,912,0.0028533935546875,0.21180230379104614,-0.1710795839317143,0.0001,0.7860135845839977,0.00017611,0.2,,
,0.4445,0.461,,3760000,,,0.0945,,-0.0005686000949935988,0.3857557773590088,916,0.0067138671875,0.21146100759506226,-0.17479666834697127,0.0001,0.7906370293349028,0.001109906,0.2,-0.076,1.616
1.49,0.448,0.4655,995,3768320,3785,230,0.0865,-0.075,,,,,,,,,,,,
1.48,0.4425,0.4885,999,3784704,3784,231,0.069,-0.21,-0.0002731297427089885,0.3767673969268799,920,0.004791259765625,0.21639662981033325,-0.1725913854315877,0.0001,0.7805851623415947,0.0007498816,0.2,,
,0.4165,0.5005,,3800000,,,0.083,,-7.645572623005137e-06,0.41498762369155884,924,0.0055389404296875,0.20440375804901123,-0.1725673503242433,0.0001,0.8022312968969345,0.0008465848,0.2,-0.062,1.6
1.59,0.421,0.4895,1004,3801088,3783,232,0.0895,-0.105,,,,,,,,,,,,
1.38,0.4175,0.4875,1008,3817472,3784,233,0.095,-0.07,-0.0005083754513179883,0.37653788924217224,928,0.0056304931640625,0.22198939323425293,-0.17309621069580317,0.0001,0.7732837684452534,0.0009302895,0.2,,
1.46,0.437,0.477,1012,3833856,3785,234,0.086,0.02,-0.0006890894183015916,0.37583640217781067,932,0.0083465576171875,0.21487104892730713,-0.17361130798235536,0.0001,0.7770611308515072,0.0011727295,0.2,,
,0.438,0.478,,3840000,,,0.084,,5.0346516218269244e-05,0.39393746852874756,936,0.0074310302734375,0.201229989528656,-0.1698977998457849,0.0001,0.8216944672167301,0.0011841878,0.2,-0.069,1.608
1.56,0.4545,0.4565,1017,3850240,3785,235,0.089,0.07,,,,,,,,,,,,
1.49,0.4415,0.4765,1021,3866624,3786,236,0.082,-0.02,4.895079109701328e-05,0.3689405024051666,940,0.002960205078125,0.21075910329818726,-0.1656777122989297,0.0001,0.7889634724706411,0.0003273496,0.2,,
,0.442,0.4685,,3880000,,,0.0895,,-0.0001928145738929743,0.38148874044418335,944,0.0052947998046875,0.2169865369796753,-0.16757936123758554,0.0001,0.7769935932010412,0.00053472654,0.2,0.047,1.578
1.47,0.415,0.498,1025,3883008,3785,237,0.087,-0.13,,,,,,,,,,,,
1.57,0.4085,0.4925,1029,3899392,3786,238,0.099,0.01,-0.0003471825366432313,0.39291033148765564,948,0.0042572021484375,0.21379846334457397,-0.16843629209324718,0.0001,0.7868368104100227,0.0002583819,0.2,,
1.56,0.4155,0.491,1034,3915776,3786,239,0.0935,0.09,-0.0002601621745270677,0.3766423165798187,952,0.0025177001953125,0.2204989790916443,-0.16982778254896402,0.0001,0.7713954988867044,0.0004041123,0.2,,
,0.441,0.471,,3920000,,,0.088,,-0.00025818698850343935,0.36829012632369995,956,0.0037841796875,0.22052162885665894,-0.1624009469524026,0.0001,0.775286253541708,0.00069280434,0.2,-0.016,1.564
1.56,0.429,0.4855,1038,3932160,3786,240,0.0855,0.115,,,,,,,,,,,,
1.51,0.431,0.475,1042,3948544,3788,241,0.094,-0.125,-0.00041485863766865805,0.38089656829833984,960,0.00738525390625,0.21049052476882935,-0.16418209625408053,0.0001,0.7823398914188147,0.00070617197,0.2,,
,0.428,0.481,,3960000,,,0.091,,-0.00015232987425406463,0.37260377407073975,964,0.000885009765625,0.21884673833847046,-0.16366189066320658,0.0001,0.7652050610631704,0.00068938197,0.2,-0.011,1.564
1.56,0.4365,0.478,1046,3964928,3788,242,0.0855,0.09,,,,,,,,,,,,
1.54,0.417,0.489,1051,3981312,3787,243,0.094,0.12,-0.0003448926545388531,0.3705690801143646,968,0.0029449462890625,0.21797114610671997,-0.16259715193882585,0.0001,0.7591610681265593,0.00041921748,0.2,,
1.47,0.4375,0.482,1055,3997696,3789,244,0.0805,0.035,-0.00012725711349048652,0.3681393265724182,972,0.0030059814453125,0.22938430309295654,-0.16453883284702897,0.0001,0.7594285439699888,0.00057365024,0.2,,
,0.435,0.4735,,4000000,,,0.0915,,-0.00013035640222369693,0.3891318440437317,976,0.0036468505859375,0.21605747938156128,-0.16612511780112982,0.0001,0.7870701234787703,0.000702939,0.2,0.007,1.62
1.46,0.423,0.498,1059,4014080,3788,245,0.079,-0.005,,,,,,,,,,,,
1.56,0.447,0.475,1063,4030464,3789,246,0.078,0.04,-0.0003215396427549422,0.37814462184906006,980,0.00384521484375,0.20752906799316406,-0.1673657177016139,0.0001,0.7866370063275099,0.000664686,0.2,,
,0.424,0.4765,,4040000,,,0.0995,,-0.0003564433063729666,0.38153162598609924,984,0.005126953125,0.22120726108551025,-0.16994269518181682,0.0001,0.777058644220233,0.0008211124,0.2,-0.068,1.52
1.55,0.4425,0.4805,1067,4046848,3789,247,0.077,-0.025,,,,,,,,,,,,
1.71,0.4335,0.4825,1071,4063232,3790,248,0.084,-0.12,-0.00013024545114603825,0.37956440448760986,988,0.00421142578125,0.21846026182174683,-0.16891244472935796,0.0001,0.7771962881088257,0.00081550307,0.2,,
1.58,0.4325,0.475,1076,4079616,3791,249,0.0925,0.04,-0.00026800340128829703,0.39678746461868286,992,0.0042877197265625,0.21576452255249023,-0.16966619063168764,0.0001,0.7847521305084229,0.0009470192,0.2,,
,,,,4080000,,,,,-0.00026125446311198175,0.37554284930229187,996,0.0034027099609375,0.21309959888458252,-0.171759816352278,0.0001,0.7893518656492233,0.00057594513,0.2,-0.033,1.656
1.51,0.4195,0.487,1080,4096000,3790,250,0.0935,-0.145,,,,,,,,,,,,
1.52,0.418,0.496,1084,4112384,3791,251,0.086,-0.045,-0.0008838919093250297,0.3896723985671997,1000,0.0087890625,0.22018581628799438,-0.17014668369665742,0.0001,0.7883628569543362,0.0013708794,0.2,,
,0.431,0.488,,4120000,,,0.081,,-4.405064828461036e-06,0.37641674280166626,1004,0.0022430419921875,0.21585577726364136,-0.17231279565021396,0.0001,0.7837028242647648,0.00014531963,0.2,-0.053,1.55
1.65,0.428,0.48,1089,4128768,3790,252,0.092,-0.09,,,,,,,,,,,,
1.6,0.4385,0.4795,1093,4145152,3791,253,0.082,0.04,-4.6872311941115186e-05,0.3882034718990326,1008,0.0012969970703125,0.21638059616088867,-0.17529471311718225,0.0001,0.7910414133220911,0.00043992087,0.2,,
,0.4185,0.483,,4160000,,,0.0985,,-0.0003320115283713676,0.4209878742694855,1012,0.0039825439453125,0.2094097137451172,-0.1687853247858584,0.0001,0.8271402791142464,0.0007565369,0.2,-0.06,1.668
1.52,0.435,0.4745,1097,4161536,3790,254,0.0905,0.095,,,,,,,,,,,,
1.62,0.448,0.4755,1102,4177920,3789,255,0.0765,0.09,-0.0006870317338325549,0.390245258808136,1016,0.0086822509765625,0.21249067783355713,-0.1677231746725738,0.0001,0.7988080941140652,0.0010772683,0.2,,
1.56,0.4215,0.49,1106,4194304,3789,256,0.0885,-0.23,-0.00014700282918056473,0.3751891255378723,1020,0.0035552978515625,0.2135825753211975,-0.16888822382315993,0.0001,0.8050108384341002,0.0005950501,0.2,,
,0.4325,0.483,,4200000,,,0.0845,,-0.000516870206411113,0.3977840542793274,1024,0.004058837890625,0.21458226442337036,-0.16624485095962882,0.0001,0.8091634660959244,0.0005632888,0.2,-0.081,1.552
1.58,0.4155,0.503,1111,4210688,3787,257,0.0815,-0.09,,,,,,,,,,,,
1.5,0.4455,0.4635,1116,4227072,3786,258,0.091,0.095,-0.0005389437883422943,0.3763118386268616,1028,0.0048980712890625,0.20059776306152344,-0.16314833890646696,0.0001,0.8001220263540745,0.0008603699,0.2,,
,0.4195,0.4975,,4240000,,,0.083,,-0.00030657251409138553,0.39484885334968567,1032,0.005889892578125,0.20799493789672852,-0.16577894380316138,0.0001,0.7925054151564837,0.0009981386,0.2,-0.018,1.556
1.54,0.4245,0.4905,1121,4243456,3785,259,0.085,0.08,,,,,,,,,,,,
1.44,0.4245,0.4915,1125,4259840,3784,260,0.084,-0.05,-0.0002756560716079548,0.3911273181438446,1036,0.0030517578125,0.2254047393798828,-0.1629103380255401,0.0001,0.765738045796752,0.0005519893,0.2,,
1.46,0.4235,0.4865,1130,4276224,3783,261,0.09,-0.01,-0.0004181751028227154,0.36530664563179016,1040,0.0066986083984375,0.21468693017959595,-0.1657951488159597,0.0001,0.7994703389704227,0.0011543416,0.2,,
,0.4485,0.477,,4280000,,,0.0745,,-9.246354238712229e-05,0.3808000981807709,1044,0.0025482177734375,0.2207685112953186,-0.1669424707069993,0.0001,0.7843117471784353,0.0002340711,0.2,0.006,1.586
1.47,0.4285,0.4915,1134,4292608,3782,262,0.08,-0.085,,,,,,,,,,,,
1.53,0.4365,0.4775,1139,4308992,3781,263,0.086,0.025,-0.000636476182990009,0.3796862065792084,1048,0.007110595703125,0.21459555625915527,-0.165214735083282,0.0001,0.8098090719431639,0.0005688389,0.2,,
,0.42,0.4875,,4320000,,,0.0925,,-0.0004228117468301207,0.38974130153656006,1052,0.0042724609375,0.21129673719406128,-0.16644519567489624,0.0001,0.7983688097447157,0.00065123296,0.2,-0.085,1.566
1.57,0.445,0.465,1143,4325376,3781,264,0.09,-0.02,,,,,,,,,,,,
1.49,0.448,0.4735,1148,4341760,3781,265,0.0785,-0.06,-0.00019575897385948338,0.40006980299949646,1056,0.0051116943359375,0.21761751174926758,-0.16258901124820113,0.0001,0.7985641695559025,0.0011596801,0.2,,
1.59,0.447,0.478,1152,4358144,3782,266,0.075,0.09,-0.00031928088355925865,0.3710477948188782,1060,0.00390625,0.2226870059967041,-0.16337372921407223,0.0001,0.791796263307333,0.00035875977,0.2,,
,,,,4360000,,,,,-0.0002755972927843686,0.3977072536945343,1064,0.002288818359375,0.23135477304458618,-0.15990723483264446,0.0001,0.7808389272540808,0.00048121501,0.2,0.002,1.626
1.51,0.4065,0.509,1156,4374528,3781,267,0.0845,-0.095,,,,,,,,,,,,
1.63,0.423,0.4915,1160,4390912,3783,268,0.0855,-0.015,-0.00033663668000372127,0.39428043365478516,1068,0.0047149658203125,0.2081468105316162,-0.16257550986483693,0.0001,0.8108108695596457,0.0010883634,0.2,,
,0.4225,0.501,,4400000,,,0.0765,,-0.00014123735309112817,0.38465049862861633,1072,0.0018768310546875,0.21667718887329102,-0.1588783827610314,0.0001,0.7714904900640249,0.000559643,0.2,-0.027,1.626
1.57,0.428,0.4785,1165,4407296,3783,269,0.0935,0.05,,,,,,,,,,,,
1.51,0.4335,0.477,1169,4423680,3782,270,0.0895,-0.11,-0.00015568859453196637,0.38696184754371643,1076,0.0017242431640625,0.21327590942382812,-0.15902976784855127,0.0001,0.7817380409687757,0.0006265736,0.2,,
,0.4335,0.487,,4440000,,,0.0795,,-0.00036777769128093496,0.37326130270957947,1080,0.0039215087890625,0.22159206867218018,-0.15725815296173096,0.0001,0.771872702986002,0.00059164554,0.2,-0.075,1.602
1.48,0.4385,0.4755,1173,4440064,3782,271,0.086,0.085,,,,,,,,,,,,
1.67,0.4365,0.4675,1177,4456448,3783,272,0.096,-0.035,-0.00014232384000933962,0.39155301451683044,1084,0.001739501953125,0.20924806594848633,-0.15373724466189742,0.0001,0.7837652880698442,0.0007995867,0.2,,
1.53,0.4235,0.4885,1181,4472832,3784,273,0.088,0.02,-0.0002851553726941347,0.3706698715686798,1088,0.00421142578125,0.21876895427703857,-0.15672624437138438,0.0001,0.7779942192137241,0.0006461764,0.2,,
,0.438,0.471,,4480000,,,0.091,,-0.00033135456760646775,0.3717925548553467,1092,0.0038299560546875,0.2283458113670349,-0.15593054750934243,0.0001,0.7724492084234953,0.00078181527,0.2,-0.024,1.602
1.61,0.4375,0.4725,1186,4489216,3784,274,0.09,-0.215,,,,,,,,,,,,
1.53,0.443,0.4775,1190,4505600,3785,275,0.0795,0.255,-0.0005342146541806869,0.40077728033065796,1096,0.00836181640625,0.21140706539154053,-0.1568032898940146,0.0001,0.7979678250849247,0.0011855899,0.2,,
,0.418,0.492,,4520000,,,0.09,,-0.00028494450816651806,0.4263294041156769,1100,0.005584716796875,0.22143316268920898,-0.1542917895130813,0.0001,0.7862979210913181,0.0009458476,0.2,-0.065,1.624
1.43,0.4195,0.486,1194,4521984,3785,276,0.0945,-0.105,,,,,,,,,,,,
1.35,0.4135,0.5025,1198,4538368,3786,277,0.084,-0.12,-0.0004997947253286839,0.37181517481803894,1104,0.008056640625,0.2180997133255005,-0.15619795117527246,0.0001,0.7807766534388065,0.001075824,0.2,,
1.51,0.4155,0.4895,1202,4554752,3787,278,0.095,-0.115,-0.00017136575843323953,0.390553742647171,1108,0.0023040771484375,0.22063177824020386,-0.1535556144081056,0.0001,0.7910200506448746,0.0005861346,0.2,,
,0.4385,0.48,,4560000,,,0.0815,,-9.120813774643466e-05,0.3834216594696045,1112,0.0033111572265625,0.22193938493728638,-0.15522006014361978,0.0001,0.7864019311964512,0.00020308023,0.2,-0.057,1.576
1.52,0.436,0.4775,1206,4571136,3787,279,0.0865,-0.025,,,,,,,,,,,,
1.6,0.4425,0.474,1210,4587520,3788,280,0.0835,0.115,-0.00023737096489639953,0.35708102583885193,1116,0.00408935546875,0.22874712944030762,-0.15562925022095442,0.0001,0.782537380233407,0.0007043438,0.2,,
,0.449,0.4665,,4600000,,,0.0845,,-0.0002843777729140129,0.4006851613521576,1120,0.0027618408203125,0.22146481275558472,-0.1544709992595017,0.0001,0.8006726503372192,0.0006072282,0.2,-0.027,1.644
1.55,0.4085,0.5035,1215,4603904,3787,281,0.088,0.12,,,,,,,,,,,,
1.45,0.4265,0.483,1219,4620288,3788,282,0.0905,0.02,-0.00029191550311225,0.36339810490608215,1124,0.00299072265625,0.23832476139068604,-0.15392349380999804,0.0001,0.7491313107311726,0.00074579706,0.2,,
1.38,0.459,0.4625,1223,4636672,3789,283,0.0785,-0.22,-0.0004826644726563245,0.37743598222732544,1128,0.005462646484375,0.22690457105636597,-0.15263321856036782,0.0001,0.7807851489633322,0.00079192605,0.2,,
,0.432,0.4855,,4640000,,,0.0825,,-0.00017063096674974076,0.3827989995479584,1132,0.00531005859375,0.22084176540374756,-0.1511427885852754,0.0001,0.7870703730732203,0.00043707812,0.2,-0.028,1.638
1.53,0.4315,0.49,1227,4653056,3789,284,0.0785,0.04,,,,,,,,,,,,
1.43,0.429,0.4885,1231,4669440,3790,285,0.0825,-0.005,-5.0490154535509646e-05,0.40169405937194824,1136,0.0029144287109375,0.2189699411392212,-0.15729152876883745,0.0001,0.8042105473577976,0.00029378498,0.2,,
,0.4125,0.4985,,4680000,,,0.089,,-0.00022245148284127936,0.3855644166469574,1140,0.0019683837890625,0.22798985242843628,-0.15846481872722507,0.0001,0.7866896502673626,0.00040719117,0.2,0.018,1.62
1.58,0.4245,0.488,1236,4685824,3790,286,0.0875,0.015,,,,,,,,,,,,
1.56,0.433,0.484,1240,4702208,3791,287,0.083,0.095,-0.0003667869787022937,0.3857201337814331,1144,0.0034942626953125,0.22828906774520874,-0.1536288084462285,0.0001,0.7831092737615108,0.0006318103,0.2,,
1.47,0.4235,0.489,1244,4718592,3791,288,0.0875,-0.225,-0.00021564127382589504,0.377448707818985,1148,0.0030364990234375,0.2226237654685974,-0.15358051098883152,0.0001,0.7664115112274885,0.00036990625,0.2,,
,,,,4720000,,,,,-0.00019855643404298462,0.3958844244480133,1152,0.0050201416015625,0.2088327407836914,-0.15433557238429785,0.0001,0.8097300454974174,0.0010329174,0.2,-0.112,1.638
1.62,0.433,0.482,1248,4734976,3791,289,0.085,-0.25,,,,,,,,,,,,
1.53,0.415,0.4855,1252,4751360,3792,290,0.0995,0.0,-7.947843914735131e-05,0.3803444504737854,1156,0.0050048828125,0.22509711980819702,-0.1559331282041967,0.0001,0.7661341447383165,0.000578194,0.2,,
,0.4385,0.4705,,4760000,,,0.091,,-0.00017493704945081845,0.3921486437320709,1160,0.002105712890625,0.22082382440567017,-0.15516430931165814,0.0001,0.7853152304887772,0.00053609407,0.2,-0.099,1.582
1.32,0.4265,0.4915,1257,4767744,3791,291,0.082,0.065,,,,,,,,,,,,
1.59,0.434,0.4805,1261,4784128,3792,292,0.0855,-0.115,-0.0001246894826181233,0.38760170340538025,1164,0.0035400390625,0.21480125188827515,-0.15436591487377882,0.0001,0.7885598428547382,0.0005378838,0.2,,
,0.424,0.49,,4800000,,,0.086,,-0.0007214829056465533,0.41143155097961426,1168,0.0055389404296875,0.2132245898246765,-0.1542855422012508,0.0001,0.7990987747907639,0.0008754635,0.2,-0.073,1.628
1.43,0.4285,0.4745,1265,4800512,3792,293,0.097,-0.03,,,,,,,,,,,,
1.52,0.4255,0.4825,1269,4816896,3793,294,0.092,-0.18,-0.0005314785266818944,0.3946989178657532,1172,0.006378173828125,0.2043878436088562,-0.15578246908262372,0.0001,0.7965032942593098,0.0009000234,0.2,,
1.57,0.4425,0.4715,1273,4833280,3793,295,0.086,-0.085,-0.0003095983120147139,0.38151898980140686,1176,0.0052032470703125,0.2137402892112732,-0.15625049080699682,0.0001,0.795947851613164,0.0005860808,0.2,,
,0.419,0.4965,,4840000,,,0.0845,,-0.00026207279552181717,0.3918515145778656,1180,0.00323486328125,0.22567611932754517,-0.15550735825672746,0.0001,0.7832552529871464,0.00041273085,0.2,0.013,1.598
1.62,0.433,0.4845,1278,4849664,3793,296,0.0825,-0.015,,,,,,,,,,,,
1.6,0.4235,0.488,1282,4866048,3794,297,0.0885,-0.095,-0.0003373759645910468,0.38613325357437134,1184,0.0044708251953125,0.2288774847984314,-0.1564490208402276,0.0001,0.7725604306906462,0.0008285795,0.2,,
,0.4325,0.4735,,4880000,,,0.094,,-0.0004316704216762446,0.38108888268470764,1188,0.0059661865234375,0.23185360431671143,-0.15415382711216807,0.0001,0.7657117042690516,0.0006942987,0.2,-0.013,1.574
1.46,0.4225,0.5,1286,4882432,3793,298,0.0775,-0.14,,,,,,,,,,,,
1.57,0.4335,0.4915,1291,4898816,3794,299,0.075,0.14,-0.00022828665169072337,0.38388022780418396,1192,0.0064239501953125,0.20380979776382446,-0.15713462559506297,0.0001,0.7978805489838123,0.0007883986,0.2,,
1.62,0.422,0.4805,1295,4915200,3794,300,0.0975,-0.04,-0.0002475704204698559,0.39737993478775024,1196,0.0030364990234375,0.21500873565673828,-0.1528603145852685,0.0001,0.7918673604726791,0.00083114166,0.2,,
,0.4285,0.4845,,4920000,,,0.087,,-0.0003711975205078488,0.3871675729751587,1200,0.0066070556640625,0.21447139978408813,-0.15573955699801445,0.0001,0.7959099933505058,0.0011023958,0.2,-0.043,1.604
1.59,0.432,0.4815,1299,4931584,3794,301,0.0865,-0.065,,,,,,,,,,,,
1.37,0.4315,0.484,1303,4947968,3794,302,0.0845,-0.15,-0.00010944788664346561,0.39500027894973755,1204,0.0081634521484375,0.21996182203292847,-0.1537743848748505,0.0001,0.7851710636168718,0.00067750964,0.2,,
,0.418,0.498,,4960000,,,0.084,,-0.0007626595070178155,0.39564257860183716,1208,0.0108795166015625,0.225375235080719,-0.15353551600128412,0.0001,0.7911832444369793,0.0008705299,0.2,-0.067,1.592
1.56,0.4225,0.4905,1308,4964352,3794,303,0.087,-0.13,,,,,,,,,,,,
1.61,0.4475,0.4615,1312,4980736,3794,304,0.091,0.01,-0.000572402717807563,0.38926777243614197,1212,0.007232666015625,0.22615814208984375,-0.15334072429686785,0.0001,0.7794340010732412,0.0009461397,0.2,,
1.47,0.4215,0.486,1316,4997120,3795,305,0.0925,-0.005,-0.0003252000569773372,0.3911406695842743,1216,0.0061187744140625,0.2245011329650879,-0.1509245252236724,0.0001,0.7863757740706205,0.0009291373,0.2,,
,0.433,0.47,,5000000,,,0.097,,-0.0007675363776797894,0.3836076259613037,1220,0.0114898681640625,0.21990728378295898,-0.1520327003672719,0.0001,0.7726511228829622,0.0012520785,0.2,-0.032,1.602
1.65,0.416,0.498,1321,5013504,3794,306,0.086,-0.115,,,,,,,,,,,,
